{"cameraMode":{"drawMode":0,"name":"Shaded","section":"Shading Mode"},"sceneLighting":true,"audioPlay":false,"sceneViewState":{"m_AlwaysRefresh":false,"showFog":true,"showSkybox":true,"showFlares":true,"showImageEffects":true,"showParticleSystems":true,"showVisualEffectGraphs":true,"m_FxEnabled":true},"in2DMode":false,"pivot":{"x":397.16131591796877,"y":231.22415161132813,"z":0.39019775390625},"rotation":{"x":0.026957470923662187,"y":0.9713349342346191,"z":-0.19367492198944093,"w":0.1351998746395111},"size":528.9644165039063,"orthographic":false}