{"cameraMode":{"drawMode":0,"name":"Shaded","section":"Shading Mode"},"sceneLighting":false,"audioPlay":false,"sceneViewState":{"m_AlwaysRefresh":false,"showFog":true,"showSkybox":false,"showFlares":true,"showImageEffects":true,"showParticleSystems":true,"showVisualEffectGraphs":true,"m_FxEnabled":true},"in2DMode":false,"pivot":{"x":0.1469917893409729,"y":0.34999996423721316,"z":0.29584455490112307},"rotation":{"x":-0.03228373825550079,"y":0.2454274594783783,"z":-0.008179666474461556,"w":-0.9688525199890137},"size":0.7271595597267151,"orthographic":false}